Date,Name,Year,Letterboxd URI,Rating
2025-01-16,Catch Me If You Can,2002,https://boxd.it/29VS,4
2025-01-16,The Two Popes,2019,https://boxd.it/k8Xk,3
2025-01-16,Good Will Hunting,1997,https://boxd.it/2ahY,5
2025-01-16,Se7en,1995,https://boxd.it/29zs,3.5
2025-01-16,Pulp Fiction,1994,https://boxd.it/29Pq,3.5
2025-01-16,Love Actually,2003,https://boxd.it/2aeU,2.5
2025-01-16,The Whale,2022,https://boxd.it/tw4c,3
2025-01-16,The Pianist,2002,https://boxd.it/2aqc,5
2025-01-19,Saving Private Ryan,1998,https://boxd.it/29ro,5
2025-01-20,Schindler's List,1993,https://boxd.it/2aq2,5
2025-01-20,Interstellar,2014,https://boxd.it/4VZ8,3.5
2025-01-20,Back to the Future Part II,1989,https://boxd.it/2aYI,4
2025-01-20,Back to the Future,1985,https://boxd.it/2b8e,3.5
2025-01-20,Back to the Future Part III,1990,https://boxd.it/2aTS,3.5
2025-01-20,The Truman Show,1998,https://boxd.it/18U8,4
2025-01-20,Forrest Gump,1994,https://boxd.it/728,4.5
2025-01-20,American Psycho,2000,https://boxd.it/28Vs,4
2025-01-20,Toy Story 2,1999,https://boxd.it/29qq,3.5
2025-01-20,"Monsters, Inc.",2001,https://boxd.it/2a46,3
2025-01-20,Spider-Man,2002,https://boxd.it/2a8i,4
2025-01-20,Eternal Sunshine of the Spotless Mind,2004,https://boxd.it/6YK,3
2025-01-20,The Incredibles,2004,https://boxd.it/1XLm,3
2025-01-20,The Amazing Spider-Man 2,2014,https://boxd.it/3utM,3
2025-01-20,About Time,2013,https://boxd.it/43bI,4
2025-01-20,Iron Man 3,2013,https://boxd.it/2cBQ,3.5
2025-01-20,The Amazing Spider-Man,2012,https://boxd.it/27PI,3
2025-01-20,War Horse,2011,https://boxd.it/nf8,4
2025-01-20,Captain America: The First Avenger,2011,https://boxd.it/28b0,3.5
2025-01-20,The Perks of Being a Wallflower,2012,https://boxd.it/2ZA8,4
2025-01-20,Iron Man 2,2010,https://boxd.it/1WZM,3
2025-01-20,Up,2009,https://boxd.it/1OEc,4
2025-01-20,17 Again,2009,https://boxd.it/1Jnq,2.5
2025-01-20,(500) Days of Summer,2009,https://boxd.it/1EmM,4
2025-01-20,The Dark Knight,2008,https://boxd.it/2b0k,4.5
2025-01-20,Spider-Man 3,2007,https://boxd.it/2a7Y,4
2025-01-20,Superbad,2007,https://boxd.it/20hO,3
2025-01-20,Batman Begins,2005,https://boxd.it/2aIg,4
2025-01-20,Spider-Man: Far From Home,2019,https://boxd.it/fegG,3.5
2025-01-20,Joker,2019,https://boxd.it/h4cS,4.5
2025-01-20,Spider-Man: Homecoming,2017,https://boxd.it/aboM,3.5
2025-01-20,Doctor Strange,2016,https://boxd.it/8MH8,3.5
2025-01-20,La La Land,2016,https://boxd.it/a5fa,3.5
2025-01-20,The Theory of Everything,2014,https://boxd.it/7YtA,4.5
2025-01-20,Straight Outta Compton,2015,https://boxd.it/8rMc,3
2025-01-20,The Boss: Anatomy of a Crime,2014,https://boxd.it/a8p8,3.5
2025-01-20,The Perfect Date,2019,https://boxd.it/jP9A,2.5
2025-01-20,EuroTrip,2004,https://boxd.it/1YTQ,3
2025-01-20,Get Out,2017,https://boxd.it/eOCm,4
2025-01-20,Titanic,1997,https://boxd.it/2a2k,4
2025-01-20,The Talented Mr. Ripley,1999,https://boxd.it/2924,3.5
2025-01-20,The Photographer of Mauthausen,2018,https://boxd.it/jeyS,4
2025-01-20,Seven Years in Tibet,1997,https://boxd.it/29aC,4
2025-01-20,Mr. & Mrs. Smith,2005,https://boxd.it/29CG,2.5
2025-01-20,Are We There Yet?,2005,https://boxd.it/1Tms,3
2025-01-20,Five Feet Apart,2019,https://boxd.it/jaAK,2
2025-01-20,Jobs,2013,https://boxd.it/3RcY,4
2025-01-20,American Pie,1999,https://boxd.it/27qy,3
2025-01-20,American Pie 2,2001,https://boxd.it/26kO,3.5
2025-01-20,American Wedding,2003,https://boxd.it/20r0,2.5
2025-01-20,American Reunion,2012,https://boxd.it/2qH4,2.5
2025-01-20,Dead Poets Society,1989,https://boxd.it/2aSg,4.5
2025-01-20,American Pie Presents: Band Camp,2005,https://boxd.it/20qQ,1.5
2025-01-20,American Pie Presents: The Naked Mile,2006,https://boxd.it/20qG,2.5
2025-01-20,Society of the Snow,2023,https://boxd.it/y9aw,4
2025-01-20,Fight Club,1999,https://boxd.it/2a9q,2.5
2025-01-20,Another Round,2020,https://boxd.it/lkba,4
2025-01-20,Mr. Bean's Holiday,2007,https://boxd.it/28Yc,3
2025-01-20,Miles Davis: Birth of the Cool,2019,https://boxd.it/kLfm,4
2025-01-20,Metal Lords,2022,https://boxd.it/rLTA,1.5
2025-01-20,The Pursuit of Happyness,2006,https://boxd.it/28PE,4
2025-01-20,The Dirt,2019,https://boxd.it/aGN4,3
2025-01-20,Operation Finale,2018,https://boxd.it/hN1g,4
2025-01-20,Just Go with It,2011,https://boxd.it/Doq,2.5
2025-01-20,Accepted,2006,https://boxd.it/1XO6,2.5
2025-01-20,Wonder,2017,https://boxd.it/ekeY,2
2025-01-20,The Shawshank Redemption,1994,https://boxd.it/2aHi,5
2025-01-20,Hitch,2005,https://boxd.it/205o,3
2025-01-20,The 40 Year Old Virgin,2005,https://boxd.it/21hK,2.5
2025-01-20,Project X,2012,https://boxd.it/neO,3
2025-01-20,I Called Him Morgan,2016,https://boxd.it/etXS,3.5
2025-01-20,We're the Millers,2013,https://boxd.it/4srQ,2.5
2025-01-20,Freedom Writers,2007,https://boxd.it/28p2,3.5
2025-01-20,La Bamba,1987,https://boxd.it/1JTc,3
2025-01-20,Seven Pounds,2008,https://boxd.it/1U8w,4
2025-01-20,Men in Black,1997,https://boxd.it/2a0I,3
2025-01-20,Men in Black II,2002,https://boxd.it/2a0y,2.5
2025-01-20,Men in Black 3,2012,https://boxd.it/103U,3
2025-01-20,The Adam Project,2022,https://boxd.it/q2Dg,2
2025-01-20,Spider-Man: Into the Spider-Verse,2018,https://boxd.it/azpY,3
2025-01-20,MILF,2018,https://boxd.it/i2ic,1.5
2025-01-20,"Oh, Ramona!",2019,https://boxd.it/lpqY,0.5
2025-01-20,The Karate Kid,1984,https://boxd.it/27Wk,3.5
2025-01-20,The Karate Kid Part II,1986,https://boxd.it/1ZJM,4
2025-01-20,Tall Girl,2019,https://boxd.it/n9yG,1
2025-01-20,50 First Dates,2004,https://boxd.it/285c,3
2025-01-20,Yesterday,2019,https://boxd.it/iF7M,3
2025-01-20,School of Rock,2003,https://boxd.it/28xK,3.5
2025-01-20,Spider-Man 2,2004,https://boxd.it/2a88,4
2025-01-20,The Butterfly Effect,2004,https://boxd.it/27M0,3.5
2025-01-20,Dark Shadows,2012,https://boxd.it/bQ2,2
2025-01-20,Apollo 13,1995,https://boxd.it/2a6G,4
2025-01-20,Friends with Money,2006,https://boxd.it/1ZpC,1.5
2025-01-20,El Potro: Unstoppable,2018,https://boxd.it/kaYE,3
2025-01-20,300,2006,https://boxd.it/28XI,4
2025-01-20,Stuck Together,2021,https://boxd.it/txq4,1.5
2025-01-20,Always Be My Maybe,2019,https://boxd.it/iB2y,1
2025-01-20,The Kissing Booth,2018,https://boxd.it/geR0,2.5
2025-01-20,The Kissing Booth 2,2020,https://boxd.it/lrky,1.5
2025-01-20,The Kissing Booth 3,2021,https://boxd.it/rhOA,2
2025-01-20,Blind Date,2015,https://boxd.it/b3uO,2
2025-01-20,Bad Seeds,2018,https://boxd.it/hYzo,2.5
2025-01-20,Unbroken,2014,https://boxd.it/6IaA,3
2025-01-20,Sarajevo,2014,https://boxd.it/84Dw,3.5
2025-01-20,Road Trip,2000,https://boxd.it/1Z4a,2.5
2025-01-20,Johnny English Strikes Again,2018,https://boxd.it/gzGW,1.5
2025-01-20,The Bounty Hunter,2010,https://boxd.it/1rtU,1.5
2025-01-20,Nothing to Hide,2018,https://boxd.it/hxUa,1
2025-01-20,300: Rise of an Empire,2014,https://boxd.it/xaC,4
2025-01-20,Underdogs,2013,https://boxd.it/4Pck,3
2025-01-20,War Dogs,2016,https://boxd.it/9SlO,2.5
2025-01-20,The Founder,2016,https://boxd.it/9XwM,3.5
2025-01-20,Swiped,2018,https://boxd.it/juNE,1
2025-01-20,Cast Away,2000,https://boxd.it/20i8,5
2025-01-20,Spider-Man: No Way Home,2021,https://boxd.it/nwRw,3.5
2025-01-20,Iron Man,2008,https://boxd.it/28dA,4
2025-01-20,Along Came Polly,2004,https://boxd.it/22fU,3
2025-01-20,Scarface,1983,https://boxd.it/2b7g,4.5
2025-01-20,The Wolf of Wall Street,2013,https://boxd.it/3C1m,4
2025-01-20,Don't Look Up,2021,https://boxd.it/o0Hc,2
2025-01-21,Big,1988,https://boxd.it/271S,3
2025-01-23,Shutter Island,2010,https://boxd.it/1U82,4
2025-01-23,The Break-Up,2006,https://boxd.it/1XRk,3.5
2025-01-23,Tall Girl 2,2022,https://boxd.it/t2bi,1
2025-01-23,Meet Joe Black,1998,https://boxd.it/2aEI,4
2025-01-25,Stand by Me,1986,https://boxd.it/2aOe,2.5
2025-01-26,Captain America: The Winter Soldier,2014,https://boxd.it/3r58,2
2025-01-26,Thor: Love and Thunder,2022,https://boxd.it/mMAY,1
2025-01-26,Captain America: Civil War,2016,https://boxd.it/89Ja,3.5
2025-01-27,All Quiet on the Western Front,2022,https://boxd.it/H08,4
2025-02-01,Scent of a Woman,1992,https://boxd.it/1YAu,4
2025-02-02,Wild Tales,2014,https://boxd.it/7UmK,4
2025-02-02,Taxi Driver,1976,https://boxd.it/2b8y,3
2025-02-02,Memento,2000,https://boxd.it/2bcK,2.5
2025-02-03,Nine Queens,2000,https://boxd.it/1HBA,4
2025-02-04,Oppenheimer,2023,https://boxd.it/wUow,3
2025-02-06,The Green Mile,1999,https://boxd.it/2agG,4.5
2025-02-08,City of God,2002,https://boxd.it/2a2a,3.5
2025-02-20,Philadelphia,1993,https://boxd.it/1XMk,4
2025-02-21,Gladiator,2000,https://boxd.it/2b9m,4
2025-02-21,The Curious Case of Benjamin Button,2008,https://boxd.it/23Fk,4
2025-02-22,Chinese Take-Away,2011,https://boxd.it/2eGy,3
2025-02-23,Toy Story 3,2010,https://boxd.it/1WRe,3.5
2025-02-23,Toy Story,1995,https://boxd.it/29qA,3
2025-02-23,Cars,2006,https://boxd.it/29ho,3.5
2025-02-24,Son of the Bride,2001,https://boxd.it/1F58,3
2025-02-24,Black Mirror: Bandersnatch,2018,https://boxd.it/kTDG,2
2025-02-24,Quincy,2018,https://boxd.it/iexI,3.5
2025-02-24,Lucy,2014,https://boxd.it/75hu,2
2025-02-24,The Dark Knight Rises,2012,https://boxd.it/H3m,3.5
2025-02-24,The Social Network,2010,https://boxd.it/17ue,4
2025-02-24,Whiplash,2014,https://boxd.it/7bQA,4.5
2025-02-24,A Beautiful Mind,2001,https://boxd.it/2amk,4.5
2025-02-27,GoodFellas,1990,https://boxd.it/29FA,4
2025-02-27,The Irishman,2019,https://boxd.it/dYOq,3.5
2025-02-28,The Imitation Game,2014,https://boxd.it/6aig,4
2025-02-28,The Godfather Part II,1974,https://boxd.it/2aNq,4.5
2025-02-28,The Godfather,1972,https://boxd.it/2aNK,5
2025-03-01,The Terminal,2004,https://boxd.it/2a2O,4.5
2025-03-02,Life Is Beautiful,1997,https://boxd.it/29Wm,3
2025-03-04,The Graduate,1967,https://boxd.it/18Im,2.5
2025-03-04,No Country for Old Men,2007,https://boxd.it/21ew,3
2025-03-13,Conclave,2024,https://boxd.it/AO8q,3
2025-03-17,The Matrix,1999,https://boxd.it/2a1m,3
2025-03-18,Zodiac,2007,https://boxd.it/27MO,2
2025-03-19,Black Swan,2010,https://boxd.it/Sw0,2
2025-03-20,The Revenant,2015,https://boxd.it/8H5e,3.5
2025-03-25,Maestro,2023,https://boxd.it/j0DE,3
2025-03-25,Parasite,2019,https://boxd.it/hTha,4.5
2025-03-26,Marriage Story,2019,https://boxd.it/hJAw,4
2025-03-26,Django Unchained,2012,https://boxd.it/2cCk,4
2025-03-27,The Secret in Their Eyes,2009,https://boxd.it/1vWw,4.5
2025-03-27,The Silence of the Lambs,1991,https://boxd.it/2aHW,3.5
2025-03-30,Inglourious Basterds,2009,https://boxd.it/1JzG,4.5
2025-03-30,There Will Be Blood,2007,https://boxd.it/20Z2,4
