Date,Name,Year,Letterboxd URI
2025-01-16,Big,1988,https://boxd.it/271S
2025-01-16,Catch Me If You Can,2002,https://boxd.it/29VS
2025-01-16,Interstellar,2014,https://boxd.it/4VZ8
2025-01-16,The Two Popes,2019,https://boxd.it/k8Xk
2025-01-16,Saving Private Ryan,1998,https://boxd.it/29ro
2025-01-16,Good Will Hunting,1997,https://boxd.it/2ahY
2025-01-16,Se7en,1995,https://boxd.it/29zs
2025-01-16,Inglourious Basterds,2009,https://boxd.it/1JzG
2025-01-16,Pulp Fiction,1994,https://boxd.it/29Pq
2025-01-16,Love Actually,2003,https://boxd.it/2aeU
2025-01-16,The Whale,2022,https://boxd.it/tw4c
2025-01-16,The Pianist,2002,https://boxd.it/2aqc
2025-01-19,Whiplash,2014,https://boxd.it/7bQA
2025-01-20,Schindler's List,1993,https://boxd.it/2aq2
2025-01-20,Scarface,1983,https://boxd.it/2b7g
2025-01-20,Back to the Future,1985,https://boxd.it/2b8e
2025-01-20,Back to the Future Part II,1989,https://boxd.it/2aYI
2025-01-20,Back to the Future Part III,1990,https://boxd.it/2aTS
2025-01-20,The Truman Show,1998,https://boxd.it/18U8
2025-01-20,Forrest Gump,1994,https://boxd.it/728
2025-01-20,Titanic,1997,https://boxd.it/2a2k
2025-01-20,Fight Club,1999,https://boxd.it/2a9q
2025-01-20,American Psycho,2000,https://boxd.it/28Vs
2025-01-20,Toy Story 2,1999,https://boxd.it/29qq
2025-01-20,"Monsters, Inc.",2001,https://boxd.it/2a46
2025-01-20,Spider-Man,2002,https://boxd.it/2a8i
2025-01-20,Eternal Sunshine of the Spotless Mind,2004,https://boxd.it/6YK
2025-01-20,The Incredibles,2004,https://boxd.it/1XLm
2025-01-20,The Amazing Spider-Man 2,2014,https://boxd.it/3utM
2025-01-20,About Time,2013,https://boxd.it/43bI
2025-01-20,Iron Man 3,2013,https://boxd.it/2cBQ
2025-01-20,The Amazing Spider-Man,2012,https://boxd.it/27PI
2025-01-20,War Horse,2011,https://boxd.it/nf8
2025-01-20,Captain America: The First Avenger,2011,https://boxd.it/28b0
2025-01-20,Don't Look Up,2021,https://boxd.it/o0Hc
2025-01-20,The Perks of Being a Wallflower,2012,https://boxd.it/2ZA8
2025-01-20,Iron Man 2,2010,https://boxd.it/1WZM
2025-01-20,Up,2009,https://boxd.it/1OEc
2025-01-20,17 Again,2009,https://boxd.it/1Jnq
2025-01-20,(500) Days of Summer,2009,https://boxd.it/1EmM
2025-01-20,The Dark Knight,2008,https://boxd.it/2b0k
2025-01-20,Spider-Man 3,2007,https://boxd.it/2a7Y
2025-01-20,Superbad,2007,https://boxd.it/20hO
2025-01-20,Mr. & Mrs. Smith,2005,https://boxd.it/29CG
2025-01-20,Batman Begins,2005,https://boxd.it/2aIg
2025-01-20,Spider-Man: Far From Home,2019,https://boxd.it/fegG
2025-01-20,Joker,2019,https://boxd.it/h4cS
2025-01-20,Parasite,2019,https://boxd.it/hTha
2025-01-20,Spider-Man: Into the Spider-Verse,2018,https://boxd.it/azpY
2025-01-20,Spider-Man: Homecoming,2017,https://boxd.it/aboM
2025-01-20,Get Out,2017,https://boxd.it/eOCm
2025-01-20,Doctor Strange,2016,https://boxd.it/8MH8
2025-01-20,La La Land,2016,https://boxd.it/a5fa
2025-01-20,The Theory of Everything,2014,https://boxd.it/7YtA
2025-01-20,Meet Joe Black,1998,https://boxd.it/2aEI
2025-01-20,Straight Outta Compton,2015,https://boxd.it/8rMc
2025-01-20,The Boss: Anatomy of a Crime,2014,https://boxd.it/a8p8
2025-01-20,The Perfect Date,2019,https://boxd.it/jP9A
2025-01-20,EuroTrip,2004,https://boxd.it/1YTQ
2025-01-20,The Talented Mr. Ripley,1999,https://boxd.it/2924
2025-01-20,The Photographer of Mauthausen,2018,https://boxd.it/jeyS
2025-01-20,Seven Years in Tibet,1997,https://boxd.it/29aC
2025-01-20,Shutter Island,2010,https://boxd.it/1U82
2025-01-20,Are We There Yet?,2005,https://boxd.it/1Tms
2025-01-20,Five Feet Apart,2019,https://boxd.it/jaAK
2025-01-20,Jobs,2013,https://boxd.it/3RcY
2025-01-20,American Pie,1999,https://boxd.it/27qy
2025-01-20,American Pie 2,2001,https://boxd.it/26kO
2025-01-20,American Wedding,2003,https://boxd.it/20r0
2025-01-20,American Reunion,2012,https://boxd.it/2qH4
2025-01-20,Dead Poets Society,1989,https://boxd.it/2aSg
2025-01-20,American Pie Presents: Band Camp,2005,https://boxd.it/20qQ
2025-01-20,American Pie Presents: The Naked Mile,2006,https://boxd.it/20qG
2025-01-20,Society of the Snow,2023,https://boxd.it/y9aw
2025-01-20,The Social Network,2010,https://boxd.it/17ue
2025-01-20,Another Round,2020,https://boxd.it/lkba
2025-01-20,Mr. Bean's Holiday,2007,https://boxd.it/28Yc
2025-01-20,Tall Girl 2,2022,https://boxd.it/t2bi
2025-01-20,Miles Davis: Birth of the Cool,2019,https://boxd.it/kLfm
2025-01-20,Metal Lords,2022,https://boxd.it/rLTA
2025-01-20,The Pursuit of Happyness,2006,https://boxd.it/28PE
2025-01-20,The Dirt,2019,https://boxd.it/aGN4
2025-01-20,Operation Finale,2018,https://boxd.it/hN1g
2025-01-20,Just Go with It,2011,https://boxd.it/Doq
2025-01-20,Accepted,2006,https://boxd.it/1XO6
2025-01-20,Wonder,2017,https://boxd.it/ekeY
2025-01-20,The Shawshank Redemption,1994,https://boxd.it/2aHi
2025-01-20,Hitch,2005,https://boxd.it/205o
2025-01-20,Along Came Polly,2004,https://boxd.it/22fU
2025-01-20,The 40 Year Old Virgin,2005,https://boxd.it/21hK
2025-01-20,Project X,2012,https://boxd.it/neO
2025-01-20,I Called Him Morgan,2016,https://boxd.it/etXS
2025-01-20,We're the Millers,2013,https://boxd.it/4srQ
2025-01-20,Freedom Writers,2007,https://boxd.it/28p2
2025-01-20,La Bamba,1987,https://boxd.it/1JTc
2025-01-20,Seven Pounds,2008,https://boxd.it/1U8w
2025-01-20,Men in Black,1997,https://boxd.it/2a0I
2025-01-20,Men in Black II,2002,https://boxd.it/2a0y
2025-01-20,Men in Black 3,2012,https://boxd.it/103U
2025-01-20,The Adam Project,2022,https://boxd.it/q2Dg
2025-01-20,MILF,2018,https://boxd.it/i2ic
2025-01-20,"Oh, Ramona!",2019,https://boxd.it/lpqY
2025-01-20,Quincy,2018,https://boxd.it/iexI
2025-01-20,The Karate Kid,1984,https://boxd.it/27Wk
2025-01-20,The Karate Kid Part II,1986,https://boxd.it/1ZJM
2025-01-20,Tall Girl,2019,https://boxd.it/n9yG
2025-01-20,50 First Dates,2004,https://boxd.it/285c
2025-01-20,Yesterday,2019,https://boxd.it/iF7M
2025-01-20,School of Rock,2003,https://boxd.it/28xK
2025-01-20,Spider-Man 2,2004,https://boxd.it/2a88
2025-01-20,The Butterfly Effect,2004,https://boxd.it/27M0
2025-01-20,Dark Shadows,2012,https://boxd.it/bQ2
2025-01-20,Apollo 13,1995,https://boxd.it/2a6G
2025-01-20,Friends with Money,2006,https://boxd.it/1ZpC
2025-01-20,El Potro: Unstoppable,2018,https://boxd.it/kaYE
2025-01-20,Lucy,2014,https://boxd.it/75hu
2025-01-20,300,2006,https://boxd.it/28XI
2025-01-20,The Break-Up,2006,https://boxd.it/1XRk
2025-01-20,Stuck Together,2021,https://boxd.it/txq4
2025-01-20,Always Be My Maybe,2019,https://boxd.it/iB2y
2025-01-20,The Kissing Booth,2018,https://boxd.it/geR0
2025-01-20,The Kissing Booth 2,2020,https://boxd.it/lrky
2025-01-20,The Kissing Booth 3,2021,https://boxd.it/rhOA
2025-01-20,Blind Date,2015,https://boxd.it/b3uO
2025-01-20,Bad Seeds,2018,https://boxd.it/hYzo
2025-01-20,Unbroken,2014,https://boxd.it/6IaA
2025-01-20,Sarajevo,2014,https://boxd.it/84Dw
2025-01-20,Road Trip,2000,https://boxd.it/1Z4a
2025-01-20,Johnny English Strikes Again,2018,https://boxd.it/gzGW
2025-01-20,The Bounty Hunter,2010,https://boxd.it/1rtU
2025-01-20,Nothing to Hide,2018,https://boxd.it/hxUa
2025-01-20,300: Rise of an Empire,2014,https://boxd.it/xaC
2025-01-20,Underdogs,2013,https://boxd.it/4Pck
2025-01-20,War Dogs,2016,https://boxd.it/9SlO
2025-01-20,The Founder,2016,https://boxd.it/9XwM
2025-01-20,Black Mirror: Bandersnatch,2018,https://boxd.it/kTDG
2025-01-20,Swiped,2018,https://boxd.it/juNE
2025-01-20,Cast Away,2000,https://boxd.it/20i8
2025-01-20,Spider-Man: No Way Home,2021,https://boxd.it/nwRw
2025-01-20,Iron Man,2008,https://boxd.it/28dA
2025-01-20,The Wolf of Wall Street,2013,https://boxd.it/3C1m
2025-01-20,The Dark Knight Rises,2012,https://boxd.it/H3m
2025-01-21,The Godfather,1972,https://boxd.it/2aNK
2025-01-22,Memento,2000,https://boxd.it/2bcK
2025-01-23,The Godfather Part II,1974,https://boxd.it/2aNq
2025-01-25,Stand by Me,1986,https://boxd.it/2aOe
2025-01-26,Captain America: The Winter Soldier,2014,https://boxd.it/3r58
2025-01-26,Thor: Love and Thunder,2022,https://boxd.it/mMAY
2025-01-26,Captain America: Civil War,2016,https://boxd.it/89Ja
2025-01-27,All Quiet on the Western Front,2022,https://boxd.it/H08
2025-01-31,Django Unchained,2012,https://boxd.it/2cCk
2025-02-01,Scent of a Woman,1992,https://boxd.it/1YAu
2025-02-02,Wild Tales,2014,https://boxd.it/7UmK
2025-02-02,Taxi Driver,1976,https://boxd.it/2b8y
2025-02-03,Nine Queens,2000,https://boxd.it/1HBA
2025-02-04,Oppenheimer,2023,https://boxd.it/wUow
2025-02-06,The Green Mile,1999,https://boxd.it/2agG
2025-02-08,City of God,2002,https://boxd.it/2a2a
2025-02-20,Marriage Story,2019,https://boxd.it/hJAw
2025-02-20,Philadelphia,1993,https://boxd.it/1XMk
2025-02-21,Gladiator,2000,https://boxd.it/2b9m
2025-02-21,The Curious Case of Benjamin Button,2008,https://boxd.it/23Fk
2025-02-22,Chinese Take-Away,2011,https://boxd.it/2eGy
2025-02-23,Toy Story 3,2010,https://boxd.it/1WRe
2025-02-23,Toy Story,1995,https://boxd.it/29qA
2025-02-23,Cars,2006,https://boxd.it/29ho
2025-02-24,Son of the Bride,2001,https://boxd.it/1F58
2025-02-24,A Beautiful Mind,2001,https://boxd.it/2amk
2025-02-27,GoodFellas,1990,https://boxd.it/29FA
2025-02-27,The Irishman,2019,https://boxd.it/dYOq
2025-02-28,The Imitation Game,2014,https://boxd.it/6aig
2025-03-01,The Terminal,2004,https://boxd.it/2a2O
2025-03-02,Life Is Beautiful,1997,https://boxd.it/29Wm
2025-03-04,The Graduate,1967,https://boxd.it/18Im
2025-03-04,No Country for Old Men,2007,https://boxd.it/21ew
2025-03-13,Conclave,2024,https://boxd.it/AO8q
2025-03-17,The Matrix,1999,https://boxd.it/2a1m
2025-03-18,Zodiac,2007,https://boxd.it/27MO
2025-03-19,Black Swan,2010,https://boxd.it/Sw0
2025-03-20,The Revenant,2015,https://boxd.it/8H5e
2025-03-25,Maestro,2023,https://boxd.it/j0DE
2025-03-27,The Secret in Their Eyes,2009,https://boxd.it/1vWw
2025-03-27,The Silence of the Lambs,1991,https://boxd.it/2aHW
2025-03-30,There Will Be Blood,2007,https://boxd.it/20Z2
